{
  "gizmos-infos": {
    "is2D": true,
    "is3DIcon": false,
    "iconSize": 2,
    "gridVisible": true,
    "gridColor": [
      166,
      166,
      166,
      255
    ],
    "transformToolName": "position",
    "pivot": "pivot",
    "coordinate": "local",
    "toolsVisibility3d": true
  },
  "__version__": "1.0.0",
  "builder": {
    "taskOptionsMap": {},
    "__version__": "1.3.7"
  },
  "snap-configs": {
    "position": {
      "x": 1,
      "y": 1,
      "z": 1
    },
    "rotation": 1,
    "scale": 1,
    "isPositionSnapEnabled": false,
    "isRotationSnapEnabled": false,
    "isScaleSnapEnabled": false
  },
  "rect-snap-configs": {
    "enableSnapping": true,
    "snapThreshold": 4
  },
  "camera-infos": {
    "915e2d8e-642f-499a-b23d-7849edbc03aa": {
      "position": {
        "x": 463.09598232404437,
        "y": 539.4351295967784,
        "z": 5000
      },
      "rotation": {
        "x": 0,
        "y": 0,
        "z": 0,
        "w": 1
      },
      "viewCenter": {
        "x": 0,
        "y": 0,
        "z": 0
      },
      "contentRect": {
        "x": -1478.5097647625169,
        "y": -686.3000635241806,
        "width": 100,
        "height": 100
      },
      "scale": 0.28717458874925494
    },
    "c312d5cb-c877-4995-9ca6-d253a0450cfd": {
      "position": {
        "x": 985.5056158434822,
        "y": 453.51772410871195,
        "z": 5000
      },
      "rotation": {
        "x": 0,
        "y": 0,
        "z": 0,
        "w": 1
      },
      "viewCenter": {
        "x": 0,
        "y": 0,
        "z": 0
      },
      "contentRect": {
        "x": 933.1806158434816,
        "y": 394.69272410871116,
        "width": 104.65000000000009,
        "height": 117.65000000000003
      },
      "scale": 0.9999999999999875
    },
    "ff81999b-6d4c-4eca-8b4b-8a2695b7f754": {
      "position": {
        "x": 783.4054085365144,
        "y": 557.9822289736202,
        "z": 5000
      },
      "rotation": {
        "x": 0,
        "y": 0,
        "z": 0,
        "w": 1
      },
      "viewCenter": {
        "x": 0,
        "y": 0,
        "z": 0
      },
      "contentRect": {
        "x": -1326.605246103488,
        "y": -774.0669376160894,
        "width": 100,
        "height": 100
      },
      "scale": 0.2642545101403311
    },
    "c57b6147-cdaa-49fb-a692-a03ab8005846": {
      "position": {
        "x": 906.8729750157115,
        "y": 582.5857626654481,
        "z": 5000
      },
      "rotation": {
        "x": 0,
        "y": 0,
        "z": 0,
        "w": 1
      },
      "viewCenter": {
        "x": 0,
        "y": 0,
        "z": 0
      },
      "contentRect": {
        "x": 732.7628623564738,
        "y": 408.4756500062104,
        "width": 100,
        "height": 100
      },
      "scale": 0.28717458874923746
    },
    "4c000b5a-3b35-4f6e-835d-a1bbaa2d4995": {
      "position": {
        "x": 679.201994231375,
        "y": 457.01862041956736,
        "z": 5000
      },
      "rotation": {
        "x": 0,
        "y": 0,
        "z": 0,
        "w": 1
      },
      "viewCenter": {
        "x": 0,
        "y": 0,
        "z": 0
      },
      "contentRect": {
        "x": 518.9880187134262,
        "y": 296.80464490161853,
        "width": 100,
        "height": 100
      },
      "scale": 0.31208263722535534
    },
    "94c3a9e5-d0f5-464d-9ffa-993dbcc1aa18": {
      "position": {
        "x": 814.1915436058846,
        "y": 807.1496695015709,
        "z": 5000
      },
      "rotation": {
        "x": 0,
        "y": 0,
        "z": 0,
        "w": 1
      },
      "viewCenter": {
        "x": 0,
        "y": 0,
        "z": 0
      },
      "contentRect": {
        "x": 608.5687782746628,
        "y": 601.5269041703491,
        "width": 100,
        "height": 100
      },
      "scale": 0.24316373685306134
    },
    "c77ecaa8-c936-46c4-a5b0-98692673ed87": {
      "position": {
        "x": 679.1556666666667,
        "y": 382.48,
        "z": 5000
      },
      "rotation": {
        "x": 0,
        "y": 0,
        "z": 0,
        "w": 1
      },
      "viewCenter": {
        "x": 0,
        "y": 0,
        "z": 0
      },
      "contentRect": {
        "x": 5.78960747656378e-14,
        "y": 0,
        "width": 961.2,
        "height": 540
      },
      "scale": 0.9818181818181818
    },
    "e722c133-77e7-4a78-824b-5a25d82f1792": {
      "position": {
        "x": -271.15042069753554,
        "y": 688.4958243856526,
        "z": 5000
      },
      "rotation": {
        "x": 0,
        "y": 0,
        "z": 0,
        "w": 1
      },
      "viewCenter": {
        "x": 0,
        "y": 0,
        "z": 0
      },
      "contentRect": {
        "x": -2411.1328175908334,
        "y": -662.4744951384987,
        "width": 1115.1596638655462,
        "height": 704
      },
      "scale": 0.26055346658095646
    }
  },
  "camera-uuids": [
    "915e2d8e-642f-499a-b23d-7849edbc03aa",
    "c312d5cb-c877-4995-9ca6-d253a0450cfd",
    "ff81999b-6d4c-4eca-8b4b-8a2695b7f754",
    "c57b6147-cdaa-49fb-a692-a03ab8005846",
    "4c000b5a-3b35-4f6e-835d-a1bbaa2d4995",
    "94c3a9e5-d0f5-464d-9ffa-993dbcc1aa18",
    "c77ecaa8-c936-46c4-a5b0-98692673ed87",
    "e722c133-77e7-4a78-824b-5a25d82f1792"
  ],
  "camera": {
    "color": [
      48,
      48,
      48,
      255
    ],
    "fov": 45,
    "far": 10000,
    "near": 0.01,
    "wheelSpeed": 0.01,
    "wanderSpeed": 10,
    "enableAcceleration": true,
    "size": "__default_design__",
    "far2D": 10000,
    "near2D": 1,
    "wheelSpeed2D": 6,
    "iso": 0,
    "aperture": 19,
    "shutter": 7
  },
  "scene_view": {
    "isSceneLightOn": true,
    "output_device": "__default_design__"
  },
  "float-window": {
    "position": {
      "cc": {
        "Camera": {
          "dock": false,
          "top": null,
          "bottom": 10,
          "left": null,
          "right": 10
        }
      }
    }
  },
  "game-view": {
    "scaleValue": 51,
    "sliderValue": 23
  }
}
