{
  "gizmos-infos": {
    "is2D": true,
    "is3DIcon": false,
    "iconSize": 2,
    "gridVisible": true,
    "gridColor": [
      166,
      166,
      166,
      255
    ],
    "transformToolName": "position",
    "pivot": "pivot",
    "coordinate": "local",
    "toolsVisibility3d": true
  },
  "__version__": "1.0.0",
  "builder": {},
  "snap-configs": {
    "position": {
      "x": 1,
      "y": 1,
      "z": 1
    },
    "rotation": 1,
    "scale": 1,
    "isPositionSnapEnabled": false,
    "isRotationSnapEnabled": false,
    "isScaleSnapEnabled": false
  },
  "rect-snap-configs": {
    "enableSnapping": true,
    "snapThreshold": 4
  },
  "camera-infos": {
    "c77ecaa8-c936-46c4-a5b0-98692673ed87": {
      "position": {
        "x": 602.6832571547745,
        "y": 403.366750630897,
        "z": 5000
      },
      "rotation": {
        "x": 0,
        "y": 0,
        "z": 0,
        "w": 1
      },
      "viewCenter": {
        "x": 0,
        "y": 0,
        "z": 0
      },
      "contentRect": {
        "x": -451.51324494771893,
        "y": -189.61878180175566,
        "width": 1121,
        "height": 630.5625
      },
      "scale": 0.5316845567995498
    },
    "e722c133-77e7-4a78-824b-5a25d82f1792": {
      "position": {
        "x": 624.9459169435725,
        "y": 604.9296754351695,
        "z": 5000
      },
      "rotation": {
        "x": 0,
        "y": 0,
        "z": 0,
        "w": 1
      },
      "viewCenter": {
        "x": 0,
        "y": 0,
        "z": 0
      },
      "contentRect": {
        "x": -1515.0364799498439,
        "y": -746.040644089056,
        "width": 1115.1596638655462,
        "height": 704
      },
      "scale": 0.26055346658094214
    },
    "c312d5cb-c877-4995-9ca6-d253a0450cfd": {
      "position": {
        "x": 800.7755927924472,
        "y": 489.9779499454686,
        "z": 5000
      },
      "rotation": {
        "x": 0,
        "y": 0,
        "z": 0,
        "w": 1
      },
      "viewCenter": {
        "x": 0,
        "y": 0,
        "z": 0
      },
      "contentRect": {
        "x": 626.6654801332222,
        "y": 315.86783728624357,
        "width": 104.65000000000009,
        "height": 117.65000000000003
      },
      "scale": 0.2871745887492586
    },
    "915e2d8e-642f-499a-b23d-7849edbc03aa": {
      "position": {
        "x": 463.09598232404437,
        "y": 539.4351295967784,
        "z": 5000
      },
      "rotation": {
        "x": 0,
        "y": 0,
        "z": 0,
        "w": 1
      },
      "viewCenter": {
        "x": 0,
        "y": 0,
        "z": 0
      },
      "contentRect": {
        "x": 288.98586966481724,
        "y": 365.32501693755137,
        "width": 100,
        "height": 100
      },
      "scale": 0.28717458874925494
    },
    "94c3a9e5-d0f5-464d-9ffa-993dbcc1aa18": {
      "position": {
        "x": 357.663261922665,
        "y": 216.12051283944254,
        "z": 5000
      },
      "rotation": {
        "x": 0,
        "y": 0,
        "z": 0,
        "w": 1
      },
      "viewCenter": {
        "x": 0,
        "y": 0,
        "z": 0
      },
      "contentRect": {
        "x": 197.44928640474063,
        "y": 55.90653732151817,
        "width": 100,
        "height": 100
      },
      "scale": 0.3120826372254029
    }
  },
  "camera-uuids": [
    "c77ecaa8-c936-46c4-a5b0-98692673ed87",
    "e722c133-77e7-4a78-824b-5a25d82f1792",
    "c312d5cb-c877-4995-9ca6-d253a0450cfd",
    "915e2d8e-642f-499a-b23d-7849edbc03aa",
    "94c3a9e5-d0f5-464d-9ffa-993dbcc1aa18"
  ],
  "camera": {
    "color": [
      48,
      48,
      48,
      255
    ],
    "fov": 45,
    "far": 10000,
    "near": 0.01,
    "wheelSpeed": 0.01,
    "wanderSpeed": 10,
    "enableAcceleration": true,
    "size": "__default_design__",
    "far2D": 10000,
    "near2D": 1,
    "wheelSpeed2D": 6,
    "iso": 0,
    "aperture": 19,
    "shutter": 7
  },
  "scene_view": {
    "isSceneLightOn": true,
    "output_device": "__default_design__"
  },
  "float-window": {
    "position": {
      "cc": {
        "Camera": {
          "dock": false,
          "top": null,
          "bottom": 10,
          "left": null,
          "right": 10
        }
      }
    }
  },
  "game-view": {
    "scaleValue": 74,
    "sliderValue": 36
  }
}
