{
  "gizmos-infos": {
    "is2D": true,
    "is3DIcon": false,
    "iconSize": 2,
    "gridVisible": true,
    "gridColor": [
      166,
      166,
      166,
      255
    ],
    "transformToolName": "position",
    "pivot": "pivot",
    "coordinate": "local",
    "toolsVisibility3d": true
  },
  "__version__": "1.0.0",
  "builder": {
    "taskOptionsMap": {},
    "__version__": "1.3.7"
  },
  "snap-configs": {
    "position": {
      "x": 1,
      "y": 1,
      "z": 1
    },
    "rotation": 1,
    "scale": 1,
    "isPositionSnapEnabled": false,
    "isRotationSnapEnabled": false,
    "isScaleSnapEnabled": false
  },
  "rect-snap-configs": {
    "enableSnapping": true,
    "snapThreshold": 4
  },
  "camera-infos": {
    "915e2d8e-642f-499a-b23d-7849edbc03aa": {
      "position": {
        "x": 823.1249268768482,
        "y": 651.1188436161881,
        "z": 5000
      },
      "rotation": {
        "x": 0,
        "y": 0,
        "z": 0,
        "w": 1
      },
      "viewCenter": {
        "x": 0,
        "y": 0,
        "z": 0
      },
      "contentRect": {
        "x": 687.4644941320792,
        "y": 515.458410871419,
        "width": 100,
        "height": 100
      },
      "scale": 0.3685673043227701
    },
    "4c000b5a-3b35-4f6e-835d-a1bbaa2d4995": {
      "position": {
        "x": 877.8673238736317,
        "y": 716.5652607586445,
        "z": 5000
      },
      "rotation": {
        "x": 0,
        "y": 0,
        "z": 0,
        "w": 1
      },
      "viewCenter": {
        "x": 0,
        "y": 0,
        "z": 0
      },
      "contentRect": {
        "x": 717.6533483556829,
        "y": 556.3512852406957,
        "width": 100,
        "height": 100
      },
      "scale": 0.31208263722535534
    },
    "94c3a9e5-d0f5-464d-9ffa-993dbcc1aa18": {
      "position": {
        "x": 776.7085515488172,
        "y": 1011.9644900451692,
        "z": 5000
      },
      "rotation": {
        "x": 0,
        "y": 0,
        "z": 0,
        "w": 1
      },
      "viewCenter": {
        "x": 0,
        "y": 0,
        "z": 0
      },
      "contentRect": {
        "x": 671.0067474926743,
        "y": 906.2626859890262,
        "width": 100,
        "height": 100
      },
      "scale": 0.4730288233627759
    },
    "c312d5cb-c877-4995-9ca6-d253a0450cfd": {
      "position": {
        "x": 1055.0054790259007,
        "y": 629.2952162238544,
        "z": 5000
      },
      "rotation": {
        "x": 0,
        "y": 0,
        "z": 0,
        "w": 1
      },
      "viewCenter": {
        "x": 0,
        "y": 0,
        "z": 0
      },
      "contentRect": {
        "x": 1038.6757550330813,
        "y": 610.9369550890698,
        "width": 104.65000000000009,
        "height": 117.65000000000003
      },
      "scale": 3.204279510358442
    },
    "c57b6147-cdaa-49fb-a692-a03ab8005846": {
      "position": {
        "x": -860.6226594117306,
        "y": -469.039317796348,
        "z": 5000
      },
      "rotation": {
        "x": 0,
        "y": 0,
        "z": 0,
        "w": 1
      },
      "viewCenter": {
        "x": 0,
        "y": 0,
        "z": 0
      },
      "contentRect": {
        "x": -1034.7327720709682,
        "y": -643.1494304555855,
        "width": 100,
        "height": 100
      },
      "scale": 0.28717458874923746
    },
    "ff81999b-6d4c-4eca-8b4b-8a2695b7f754": {
      "position": {
        "x": 327.5637260252877,
        "y": 748.3480242744943,
        "z": 5000
      },
      "rotation": {
        "x": 0,
        "y": 0,
        "z": 0,
        "w": 1
      },
      "viewCenter": {
        "x": 0,
        "y": 0,
        "z": 0
      },
      "contentRect": {
        "x": 202.7306711351195,
        "y": 623.5149693843264,
        "width": 100,
        "height": 100
      },
      "scale": 0.40053493879478924
    },
    "c77ecaa8-c936-46c4-a5b0-98692673ed87": {
      "position": {
        "x": 959.9999999999998,
        "y": 540,
        "z": 5000
      },
      "rotation": {
        "x": 0,
        "y": 0,
        "z": 0,
        "w": 1
      },
      "viewCenter": {
        "x": 0,
        "y": 0,
        "z": 0
      },
      "contentRect": {
        "x": 0,
        "y": 0,
        "width": 1121,
        "height": 630.5625000000001
      },
      "scale": 0.5838541666666668
    },
    "e722c133-77e7-4a78-824b-5a25d82f1792": {
      "position": {
        "x": 1142.6465781827633,
        "y": 717.6836943332564,
        "z": 5000
      },
      "rotation": {
        "x": 0,
        "y": 0,
        "z": 0,
        "w": 1
      },
      "viewCenter": {
        "x": 0,
        "y": 0,
        "z": 0
      },
      "contentRect": {
        "x": -524.7519065734865,
        "y": -334.9445268125987,
        "width": 1115.1596638655462,
        "height": 704
      },
      "scale": 0.3344010667097874
    }
  },
  "camera-uuids": [
    "915e2d8e-642f-499a-b23d-7849edbc03aa",
    "4c000b5a-3b35-4f6e-835d-a1bbaa2d4995",
    "94c3a9e5-d0f5-464d-9ffa-993dbcc1aa18",
    "c312d5cb-c877-4995-9ca6-d253a0450cfd",
    "c57b6147-cdaa-49fb-a692-a03ab8005846",
    "ff81999b-6d4c-4eca-8b4b-8a2695b7f754",
    "c77ecaa8-c936-46c4-a5b0-98692673ed87",
    "e722c133-77e7-4a78-824b-5a25d82f1792"
  ],
  "camera": {
    "color": [
      48,
      48,
      48,
      255
    ],
    "fov": 45,
    "far": 10000,
    "near": 0.01,
    "wheelSpeed": 0.01,
    "wanderSpeed": 10,
    "enableAcceleration": true,
    "size": "__default_design__",
    "far2D": 10000,
    "near2D": 1,
    "wheelSpeed2D": 6,
    "iso": 0,
    "aperture": 19,
    "shutter": 7
  },
  "scene_view": {
    "isSceneLightOn": true,
    "output_device": "__default_design__"
  },
  "float-window": {
    "position": {
      "cc": {
        "Camera": {
          "dock": false,
          "top": null,
          "bottom": 10,
          "left": null,
          "right": 10
        }
      }
    }
  },
  "game-view": {
    "scaleValue": 51,
    "sliderValue": 23
  }
}
