{
  "gizmos-infos": {
    "is2D": true,
    "is3DIcon": false,
    "iconSize": 2,
    "gridVisible": true,
    "gridColor": [
      166,
      166,
      166,
      255
    ],
    "transformToolName": "position",
    "pivot": "pivot",
    "coordinate": "local",
    "toolsVisibility3d": true
  },
  "__version__": "1.0.0",
  "builder": {
    "taskOptionsMap": {},
    "__version__": "1.3.7"
  },
  "snap-configs": {
    "position": {
      "x": 1,
      "y": 1,
      "z": 1
    },
    "rotation": 1,
    "scale": 1,
    "isPositionSnapEnabled": false,
    "isRotationSnapEnabled": false,
    "isScaleSnapEnabled": false
  },
  "rect-snap-configs": {
    "enableSnapping": true,
    "snapThreshold": 4
  },
  "camera-infos": {
    "c312d5cb-c877-4995-9ca6-d253a0450cfd": {
      "position": {
        "x": 1055.0054790259007,
        "y": 629.2952162238544,
        "z": 5000
      },
      "rotation": {
        "x": 0,
        "y": 0,
        "z": 0,
        "w": 1
      },
      "viewCenter": {
        "x": 0,
        "y": 0,
        "z": 0
      },
      "contentRect": {
        "x": 1038.6757550330813,
        "y": 610.9369550890698,
        "width": 104.65000000000009,
        "height": 117.65000000000003
      },
      "scale": 3.204279510358442
    },
    "3e57de3a-aaa2-4f1b-9437-646ae332418a": {
      "position": {
        "x": 1118.3796887983883,
        "y": 432.7188446872949,
        "z": 5000
      },
      "rotation": {
        "x": 0,
        "y": 0,
        "z": 0,
        "w": 1
      },
      "viewCenter": {
        "x": 0,
        "y": 0,
        "z": 0
      },
      "contentRect": {
        "x": -62.61297263114288,
        "y": -748.2738167422365,
        "width": 692,
        "height": 692
      },
      "scale": 0.2929738780774342
    },
    "915e2d8e-642f-499a-b23d-7849edbc03aa": {
      "position": {
        "x": 636.8313482374685,
        "y": 689.9690936265521,
        "z": 5000
      },
      "rotation": {
        "x": 0,
        "y": 0,
        "z": 0,
        "w": 1
      },
      "viewCenter": {
        "x": 0,
        "y": 0,
        "z": 0
      },
      "contentRect": {
        "x": -167.55938062974192,
        "y": -52.05757084753699,
        "width": 750.1595441595441,
        "height": 692
      },
      "scale": 0.4662905210356925
    },
    "ff81999b-6d4c-4eca-8b4b-8a2695b7f754": {
      "position": {
        "x": 1146.5415795432589,
        "y": 533.724533274127,
        "z": 5000
      },
      "rotation": {
        "x": 0,
        "y": 0,
        "z": 0,
        "w": 1
      },
      "viewCenter": {
        "x": 0,
        "y": 0,
        "z": 0
      },
      "contentRect": {
        "x": 986.3276040253256,
        "y": 373.5105577561936,
        "width": 100,
        "height": 100
      },
      "scale": 0.31208263722538554
    },
    "c57b6147-cdaa-49fb-a692-a03ab8005846": {
      "position": {
        "x": 598.4384808307444,
        "y": 256.3444296604815,
        "z": 5000
      },
      "rotation": {
        "x": 0,
        "y": 0,
        "z": 0,
        "w": 1
      },
      "viewCenter": {
        "x": 0,
        "y": 0,
        "z": 0
      },
      "contentRect": {
        "x": 451.01155910162316,
        "y": 108.91750793136022,
        "width": 100,
        "height": 100
      },
      "scale": 0.3391510818618922
    },
    "94c3a9e5-d0f5-464d-9ffa-993dbcc1aa18": {
      "position": {
        "x": 720.6136480452654,
        "y": 106.24087078562218,
        "z": 5000
      },
      "rotation": {
        "x": 0,
        "y": 0,
        "z": 0,
        "w": 1
      },
      "viewCenter": {
        "x": 0,
        "y": 0,
        "z": 0
      },
      "contentRect": {
        "x": 573.1867263161483,
        "y": -41.18605094349492,
        "width": 100,
        "height": 100
      },
      "scale": 0.3391510818619018
    },
    "4c000b5a-3b35-4f6e-835d-a1bbaa2d4995": {
      "position": {
        "x": 943.3964407794622,
        "y": 762.6983715119443,
        "z": 5000
      },
      "rotation": {
        "x": 0,
        "y": 0,
        "z": 0,
        "w": 1
      },
      "viewCenter": {
        "x": 0,
        "y": 0,
        "z": 0
      },
      "contentRect": {
        "x": 818.5633858892819,
        "y": 637.8653166217639,
        "width": 100,
        "height": 100
      },
      "scale": 0.40053493879474955
    },
    "c77ecaa8-c936-46c4-a5b0-98692673ed87": {
      "position": {
        "x": 960,
        "y": 540,
        "z": 5000
      },
      "rotation": {
        "x": 0,
        "y": 0,
        "z": 0,
        "w": 1
      },
      "viewCenter": {
        "x": 0,
        "y": 0,
        "z": 0
      },
      "contentRect": {
        "x": 1.0743510077731728,
        "y": -344.58055925432757,
        "width": 751,
        "height": 422.4375
      },
      "scale": 0.39114583333333336
    },
    "e722c133-77e7-4a78-824b-5a25d82f1792": {
      "position": {
        "x": 990.4696560143634,
        "y": 809.2207674815598,
        "z": 5000
      },
      "rotation": {
        "x": 0,
        "y": 0,
        "z": 0,
        "w": 1
      },
      "viewCenter": {
        "x": 0,
        "y": 0,
        "z": 0
      },
      "contentRect": {
        "x": -710.0413681315578,
        "y": -759.4503743718392,
        "width": 750.1595441595441,
        "height": 692
      },
      "scale": 0.22056885651073932
    }
  },
  "camera-uuids": [
    "c312d5cb-c877-4995-9ca6-d253a0450cfd",
    "3e57de3a-aaa2-4f1b-9437-646ae332418a",
    "915e2d8e-642f-499a-b23d-7849edbc03aa",
    "ff81999b-6d4c-4eca-8b4b-8a2695b7f754",
    "c57b6147-cdaa-49fb-a692-a03ab8005846",
    "94c3a9e5-d0f5-464d-9ffa-993dbcc1aa18",
    "4c000b5a-3b35-4f6e-835d-a1bbaa2d4995",
    "c77ecaa8-c936-46c4-a5b0-98692673ed87",
    "e722c133-77e7-4a78-824b-5a25d82f1792"
  ],
  "camera": {
    "color": [
      48,
      48,
      48,
      255
    ],
    "fov": 45,
    "far": 10000,
    "near": 0.01,
    "wheelSpeed": 0.01,
    "wanderSpeed": 10,
    "enableAcceleration": true,
    "size": "__default_design__",
    "far2D": 10000,
    "near2D": 1,
    "wheelSpeed2D": 6,
    "iso": 0,
    "aperture": 19,
    "shutter": 7
  },
  "scene_view": {
    "isSceneLightOn": true,
    "output_device": "__default_design__"
  },
  "float-window": {
    "position": {
      "cc": {
        "Camera": {
          "dock": false,
          "top": null,
          "bottom": 10,
          "left": null,
          "right": 10
        }
      }
    }
  },
  "game-view": {
    "scaleValue": 39,
    "sliderValue": 16,
    "fullScreen": true
  }
}
