{
  "gizmos-infos": {
    "is2D": true,
    "is3DIcon": false,
    "iconSize": 2,
    "gridVisible": true,
    "gridColor": [
      166,
      166,
      166,
      255
    ],
    "transformToolName": "position",
    "pivot": "pivot",
    "coordinate": "local",
    "toolsVisibility3d": true
  },
  "__version__": "1.0.0",
  "builder": {},
  "snap-configs": {
    "position": {
      "x": 1,
      "y": 1,
      "z": 1
    },
    "rotation": 1,
    "scale": 1,
    "isPositionSnapEnabled": false,
    "isRotationSnapEnabled": false,
    "isScaleSnapEnabled": false
  },
  "rect-snap-configs": {
    "enableSnapping": true,
    "snapThreshold": 4
  },
  "camera-infos": {
    "c312d5cb-c877-4995-9ca6-d253a0450cfd": {
      "position": {
        "x": 800.7755927924472,
        "y": 489.9779499454686,
        "z": 5000
      },
      "rotation": {
        "x": 0,
        "y": 0,
        "z": 0,
        "w": 1
      },
      "viewCenter": {
        "x": 0,
        "y": 0,
        "z": 0
      },
      "contentRect": {
        "x": 626.6654801332222,
        "y": 315.86783728624357,
        "width": 104.65000000000009,
        "height": 117.65000000000003
      },
      "scale": 0.2871745887492586
    },
    "915e2d8e-642f-499a-b23d-7849edbc03aa": {
      "position": {
        "x": 463.09598232404437,
        "y": 539.4351295967784,
        "z": 5000
      },
      "rotation": {
        "x": 0,
        "y": 0,
        "z": 0,
        "w": 1
      },
      "viewCenter": {
        "x": 0,
        "y": 0,
        "z": 0
      },
      "contentRect": {
        "x": 288.98586966481724,
        "y": 365.32501693755137,
        "width": 100,
        "height": 100
      },
      "scale": 0.28717458874925494
    },
    "94c3a9e5-d0f5-464d-9ffa-993dbcc1aa18": {
      "position": {
        "x": 1109.23793668454,
        "y": 645.9413323209293,
        "z": 5000
      },
      "rotation": {
        "x": 0,
        "y": 0,
        "z": 0,
        "w": 1
      },
      "viewCenter": {
        "x": 0,
        "y": 0,
        "z": 0
      },
      "contentRect": {
        "x": 1003.5361326283977,
        "y": 540.2395282647869,
        "width": 100,
        "height": 100
      },
      "scale": 0.4730288233627785
    },
    "c77ecaa8-c936-46c4-a5b0-98692673ed87": {
      "position": {
        "x": 806.4716666666667,
        "y": 454.738133802817,
        "z": 5000
      },
      "rotation": {
        "x": 0,
        "y": 0,
        "z": 0,
        "w": 1
      },
      "viewCenter": {
        "x": 0,
        "y": 0,
        "z": 0
      },
      "contentRect": {
        "x": 1.1512773553811304e-13,
        "y": 0,
        "width": 1402.2277847309138,
        "height": 789
      },
      "scale": 0.9874843554443055
    },
    "e722c133-77e7-4a78-824b-5a25d82f1792": {
      "position": {
        "x": 489.50000000000006,
        "y": 275,
        "z": 5000
      },
      "rotation": {
        "x": 0,
        "y": 0,
        "z": 0,
        "w": 1
      },
      "viewCenter": {
        "x": 0,
        "y": 0,
        "z": 0
      },
      "contentRect": {
        "x": 0,
        "y": 0,
        "width": 961.2,
        "height": 540
      },
      "scale": 0.9818181818181818
    }
  },
  "camera-uuids": [
    "c312d5cb-c877-4995-9ca6-d253a0450cfd",
    "915e2d8e-642f-499a-b23d-7849edbc03aa",
    "94c3a9e5-d0f5-464d-9ffa-993dbcc1aa18",
    "c77ecaa8-c936-46c4-a5b0-98692673ed87",
    "e722c133-77e7-4a78-824b-5a25d82f1792"
  ],
  "camera": {
    "color": [
      48,
      48,
      48,
      255
    ],
    "fov": 45,
    "far": 10000,
    "near": 0.01,
    "wheelSpeed": 0.01,
    "wanderSpeed": 10,
    "enableAcceleration": true,
    "size": "__default_design__",
    "far2D": 10000,
    "near2D": 1,
    "wheelSpeed2D": 6,
    "iso": 0,
    "aperture": 19,
    "shutter": 7
  },
  "scene_view": {
    "isSceneLightOn": true,
    "output_device": "__default_design__"
  },
  "float-window": {
    "position": {
      "cc": {
        "Camera": {
          "dock": false,
          "top": null,
          "bottom": 10,
          "left": null,
          "right": 10
        }
      }
    }
  },
  "game-view": {
    "scaleValue": 51,
    "sliderValue": 23
  }
}
